"Elkies, Noam (P)"," 335"," 54625"," elkies@math.harvard.edu"," http://www.math.harvard.edu/~elkies"
"Gaitsgory, Dennis (P)"," 338"," 55363"," gaitsgde@math.harvard.edu"," http://www.math.harvard.edu/~gaitsgde"
"Gottlieb, Robin (PP)"," 429"," 57882"," gottlieb@math.harvard.edu"," http://www.math.harvard.edu/people/GottliebRobin.html"
"Gross, Benedict (P)"," 506"," 59063"," gross@math.harvard.edu"," http://www.math.harvard.edu/~gross"
"Harris, Joseph (P)"," 339"," 55335"," harris@math.harvard.edu"," http://www.math.harvard.edu/people/HarrisJoseph.html"
"Hironaka, Heisuke (E)"," 325"," 52171"," hironaka@math.harvard.edu"," http://www.math.harvard.edu/people/HironakaHeisuke.html"
"Hopkins, Michael (P)"," 508"," 69520"," mjh@math.harvard.edu"," http://www.math.harvard.edu/people/HopkinsMichael.html"
"Jaffe, Arthur (P)"," 327"," 54320"," jaffe@math.harvard.edu"," http://www.math.harvard.edu/~jaffe"
"Kazhdan, David (E)",,," kazhdan@math.harvard.edu"," http://www.math.harvard.edu/people/KazhdanDavid.html"
"Kisin, Mark (P)"," 234"," -"," kisin@math.harvard.edu"," http://www.math.harvard.edu/~kisin"
"Kronheimer, Peter (P)"," 343"," 55745"," kronheim@math.harvard.edu"," http://www.math.harvard.edu/~kronheim"
"Lurie, Jacob (P)"," 435"," 59493"," lurie@math.harvard.edu"," http://www.math.harvard.edu/~lurie"
"Mazur, Barry (P)"," 512"," 53352"," mazur@math.harvard.edu"," http://www.math.harvard.edu/~mazur"
"McMullen, Curtis (P)"," 523"," 50396"," ctm@math.harvard.edu"," http://www.math.harvard.edu/~ctm"
"Morel, Sophie (P)"," 515"," 51790"," morel@math.harvard.edu"," http://www.math.harvard.edu/~morel"
"Mumford, David (E)"," Brown University"," TelBrown"," david_mumford@brown.edu.harvard.edu"," http://www.math.harvard.edu/people/MumfordDavid.html"
"Nowak, Martin (P)"," One Brattle Sq Suite 6",64737,," http://www.math.harvard.edu/people/NowakMartin.html"
"Sacks, Gerald (P)"," 537"," 54825"," sacks@math.harvard.edu"," http://www.math.harvard.edu/~sacks"
"Schmid, Wilfried (P)"," 519"," 57840"," schmid@math.harvard.edu"," http://www.math.harvard.edu/~schmid"
"Siu, Yum-Tong (P)"," 511"," 53790"," siu@math.harvard.edu"," http://www.math.harvard.edu/people/SiuYum-Tong.html"
"Sternberg, Shlomo (P)"," 510"," 51727"," shlomo@math.harvard.edu"," http://www.math.harvard.edu/people/SternbergShlomo.html"
"Tate, John (E)"," 336"," 52171"," tate@math.harvard.edu"," http://www.math.harvard.edu/people/TateJohn.html"
"Taubes, Cliff (P)"," 504"," 55579"," chtaubes@math.harvard.edu"," http://www.math.harvard.edu/people/TaubesCliff.html"
"Taylor, Richard (P)"," 539"," 55487"," rtaylor@math.harvard.edu"," http://www.math.harvard.edu/~rtaylor"
"Yau, Horng-Tzer (P)"," 240"," 68425"," htyau@math.harvard.edu"," http://www.math.harvard.edu/people/YauHorng-Tzer.html"
"Yau, Shing-Tung (P)"," 340"," 50836"," yau@math.harvard.edu"," http://www.math.harvard.edu/people/YauShing-Tung.html"
